Ad Group,Keyword,Campaign,Criterion Type
sofas,sofas buy,SEM_Sofas,Exact
sofas,buy sofas,SEM_Sofas,Exact
sofas,sofas price,SEM_Sofas,Exact
sofas,price sofas,SEM_Sofas,Exact
sofas,sofas discount,SEM_Sofas,Exact
sofas,discount sofas,SEM_Sofas,Exact
sofas,sofas promotion,SEM_Sofas,Exact
sofas,promotion sofas,SEM_Sofas,Exact
sofas,sofas promo,SEM_Sofas,Exact
sofas,promo sofas,SEM_Sofas,Exact
sofas,sofas shop,SEM_Sofas,Exact
sofas,shop sofas,SEM_Sofas,Exact
sofas,sofas buying,SEM_Sofas,Exact
sofas,buying sofas,SEM_Sofas,Exact
sofas,sofas prices,SEM_Sofas,Exact
sofas,prices sofas,SEM_Sofas,Exact
sofas,sofas pricing,SEM_Sofas,Exact
sofas,pricing sofas,SEM_Sofas,Exact
sofas,sofas shopping,SEM_Sofas,Exact
sofas,shopping sofas,SEM_Sofas,Exact
sofas,sofas discounts,SEM_Sofas,Exact
sofas,discounts sofas,SEM_Sofas,Exact
sofas,sofas promos,SEM_Sofas,Exact
sofas,promos sofas,SEM_Sofas,Exact
sofas,sofas ecommerce,SEM_Sofas,Exact
sofas,ecommerce sofas,SEM_Sofas,Exact
sofas,sofas e commerce,SEM_Sofas,Exact
sofas,e commerce sofas,SEM_Sofas,Exact
sofas,sofas buy online,SEM_Sofas,Exact
sofas,buy online sofas,SEM_Sofas,Exact
sofas,sofas shop online,SEM_Sofas,Exact
sofas,shop online sofas,SEM_Sofas,Exact
sofas,sofas cheap,SEM_Sofas,Exact
sofas,cheap sofas,SEM_Sofas,Exact
sofas,sofas best price,SEM_Sofas,Exact
sofas,best price sofas,SEM_Sofas,Exact
sofas,sofas lowest price,SEM_Sofas,Exact
sofas,lowest price sofas,SEM_Sofas,Exact
sofas,sofas cheapest,SEM_Sofas,Exact
sofas,cheapest sofas,SEM_Sofas,Exact
sofas,sofas best value,SEM_Sofas,Exact
sofas,best value sofas,SEM_Sofas,Exact
sofas,sofas offer,SEM_Sofas,Exact
sofas,offer sofas,SEM_Sofas,Exact
sofas,sofas offers,SEM_Sofas,Exact
sofas,offers sofas,SEM_Sofas,Exact
sofas,sofas promotions,SEM_Sofas,Exact
sofas,promotions sofas,SEM_Sofas,Exact
sofas,sofas purchase,SEM_Sofas,Exact
sofas,purchase sofas,SEM_Sofas,Exact
sofas,sofas sale,SEM_Sofas,Exact
sofas,sale sofas,SEM_Sofas,Exact
sofas,sofas bargain,SEM_Sofas,Exact
sofas,bargain sofas,SEM_Sofas,Exact
sofas,sofas affordable,SEM_Sofas,Exact
sofas,affordable sofas,SEM_Sofas,Exact
sofas,sofas cheap,SEM_Sofas,Exact
sofas,cheap sofas,SEM_Sofas,Exact
sofas,sofas low,SEM_Sofas,Exact
sofas,low sofas,SEM_Sofas,Exact
sofas,sofas budget,SEM_Sofas,Exact
sofas,budget sofas,SEM_Sofas,Exact
sofas,sofas inexpensive,SEM_Sofas,Exact
sofas,inexpensive sofas,SEM_Sofas,Exact
sofas,sofas economical,SEM_Sofas,Exact
sofas,economical sofas,SEM_Sofas,Exact
sofas,sofas amazon,SEM_Sofas,Exact
sofas,amazon sofas,SEM_Sofas,Exact
sofas,sofas e-commerce,SEM_Sofas,Exact
sofas,e-commerce sofas,SEM_Sofas,Exact
beds,beds buy,SEM_Sofas,Exact
beds,buy beds,SEM_Sofas,Exact
beds,beds price,SEM_Sofas,Exact
beds,price beds,SEM_Sofas,Exact
beds,beds discount,SEM_Sofas,Exact
beds,discount beds,SEM_Sofas,Exact
beds,beds promotion,SEM_Sofas,Exact
beds,promotion beds,SEM_Sofas,Exact
beds,beds promo,SEM_Sofas,Exact
beds,promo beds,SEM_Sofas,Exact
beds,beds shop,SEM_Sofas,Exact
beds,shop beds,SEM_Sofas,Exact
beds,beds buying,SEM_Sofas,Exact
beds,buying beds,SEM_Sofas,Exact
beds,beds prices,SEM_Sofas,Exact
beds,prices beds,SEM_Sofas,Exact
beds,beds pricing,SEM_Sofas,Exact
beds,pricing beds,SEM_Sofas,Exact
beds,beds shopping,SEM_Sofas,Exact
beds,shopping beds,SEM_Sofas,Exact
beds,beds discounts,SEM_Sofas,Exact
beds,discounts beds,SEM_Sofas,Exact
beds,beds promos,SEM_Sofas,Exact
beds,promos beds,SEM_Sofas,Exact
beds,beds ecommerce,SEM_Sofas,Exact
beds,ecommerce beds,SEM_Sofas,Exact
beds,beds e commerce,SEM_Sofas,Exact
beds,e commerce beds,SEM_Sofas,Exact
beds,beds buy online,SEM_Sofas,Exact
beds,buy online beds,SEM_Sofas,Exact
beds,beds shop online,SEM_Sofas,Exact
beds,shop online beds,SEM_Sofas,Exact
beds,beds cheap,SEM_Sofas,Exact
beds,cheap beds,SEM_Sofas,Exact
beds,beds best price,SEM_Sofas,Exact
beds,best price beds,SEM_Sofas,Exact
beds,beds lowest price,SEM_Sofas,Exact
beds,lowest price beds,SEM_Sofas,Exact
beds,beds cheapest,SEM_Sofas,Exact
beds,cheapest beds,SEM_Sofas,Exact
beds,beds best value,SEM_Sofas,Exact
beds,best value beds,SEM_Sofas,Exact
beds,beds offer,SEM_Sofas,Exact
beds,offer beds,SEM_Sofas,Exact
beds,beds offers,SEM_Sofas,Exact
beds,offers beds,SEM_Sofas,Exact
beds,beds promotions,SEM_Sofas,Exact
beds,promotions beds,SEM_Sofas,Exact
beds,beds purchase,SEM_Sofas,Exact
beds,purchase beds,SEM_Sofas,Exact
beds,beds sale,SEM_Sofas,Exact
beds,sale beds,SEM_Sofas,Exact
beds,beds bargain,SEM_Sofas,Exact
beds,bargain beds,SEM_Sofas,Exact
beds,beds affordable,SEM_Sofas,Exact
beds,affordable beds,SEM_Sofas,Exact
beds,beds cheap,SEM_Sofas,Exact
beds,cheap beds,SEM_Sofas,Exact
beds,beds low,SEM_Sofas,Exact
beds,low beds,SEM_Sofas,Exact
beds,beds budget,SEM_Sofas,Exact
beds,budget beds,SEM_Sofas,Exact
beds,beds inexpensive,SEM_Sofas,Exact
beds,inexpensive beds,SEM_Sofas,Exact
beds,beds economical,SEM_Sofas,Exact
beds,economical beds,SEM_Sofas,Exact
beds,beds amazon,SEM_Sofas,Exact
beds,amazon beds,SEM_Sofas,Exact
beds,beds e-commerce,SEM_Sofas,Exact
beds,e-commerce beds,SEM_Sofas,Exact
chairs,chairs buy,SEM_Sofas,Exact
chairs,buy chairs,SEM_Sofas,Exact
chairs,chairs price,SEM_Sofas,Exact
chairs,price chairs,SEM_Sofas,Exact
chairs,chairs discount,SEM_Sofas,Exact
chairs,discount chairs,SEM_Sofas,Exact
chairs,chairs promotion,SEM_Sofas,Exact
chairs,promotion chairs,SEM_Sofas,Exact
chairs,chairs promo,SEM_Sofas,Exact
chairs,promo chairs,SEM_Sofas,Exact
chairs,chairs shop,SEM_Sofas,Exact
chairs,shop chairs,SEM_Sofas,Exact
chairs,chairs buying,SEM_Sofas,Exact
chairs,buying chairs,SEM_Sofas,Exact
chairs,chairs prices,SEM_Sofas,Exact
chairs,prices chairs,SEM_Sofas,Exact
chairs,chairs pricing,SEM_Sofas,Exact
chairs,pricing chairs,SEM_Sofas,Exact
chairs,chairs shopping,SEM_Sofas,Exact
chairs,shopping chairs,SEM_Sofas,Exact
chairs,chairs discounts,SEM_Sofas,Exact
chairs,discounts chairs,SEM_Sofas,Exact
chairs,chairs promos,SEM_Sofas,Exact
chairs,promos chairs,SEM_Sofas,Exact
chairs,chairs ecommerce,SEM_Sofas,Exact
chairs,ecommerce chairs,SEM_Sofas,Exact
chairs,chairs e commerce,SEM_Sofas,Exact
chairs,e commerce chairs,SEM_Sofas,Exact
chairs,chairs buy online,SEM_Sofas,Exact
chairs,buy online chairs,SEM_Sofas,Exact
chairs,chairs shop online,SEM_Sofas,Exact
chairs,shop online chairs,SEM_Sofas,Exact
chairs,chairs cheap,SEM_Sofas,Exact
chairs,cheap chairs,SEM_Sofas,Exact
chairs,chairs best price,SEM_Sofas,Exact
chairs,best price chairs,SEM_Sofas,Exact
chairs,chairs lowest price,SEM_Sofas,Exact
chairs,lowest price chairs,SEM_Sofas,Exact
chairs,chairs cheapest,SEM_Sofas,Exact
chairs,cheapest chairs,SEM_Sofas,Exact
chairs,chairs best value,SEM_Sofas,Exact
chairs,best value chairs,SEM_Sofas,Exact
chairs,chairs offer,SEM_Sofas,Exact
chairs,offer chairs,SEM_Sofas,Exact
chairs,chairs offers,SEM_Sofas,Exact
chairs,offers chairs,SEM_Sofas,Exact
chairs,chairs promotions,SEM_Sofas,Exact
chairs,promotions chairs,SEM_Sofas,Exact
chairs,chairs purchase,SEM_Sofas,Exact
chairs,purchase chairs,SEM_Sofas,Exact
chairs,chairs sale,SEM_Sofas,Exact
chairs,sale chairs,SEM_Sofas,Exact
chairs,chairs bargain,SEM_Sofas,Exact
chairs,bargain chairs,SEM_Sofas,Exact
chairs,chairs affordable,SEM_Sofas,Exact
chairs,affordable chairs,SEM_Sofas,Exact
chairs,chairs cheap,SEM_Sofas,Exact
chairs,cheap chairs,SEM_Sofas,Exact
chairs,chairs low,SEM_Sofas,Exact
chairs,low chairs,SEM_Sofas,Exact
chairs,chairs budget,SEM_Sofas,Exact
chairs,budget chairs,SEM_Sofas,Exact
chairs,chairs inexpensive,SEM_Sofas,Exact
chairs,inexpensive chairs,SEM_Sofas,Exact
chairs,chairs economical,SEM_Sofas,Exact
chairs,economical chairs,SEM_Sofas,Exact
chairs,chairs amazon,SEM_Sofas,Exact
chairs,amazon chairs,SEM_Sofas,Exact
chairs,chairs e-commerce,SEM_Sofas,Exact
chairs,e-commerce chairs,SEM_Sofas,Exact
tables,tables buy,SEM_Sofas,Exact
tables,buy tables,SEM_Sofas,Exact
tables,tables price,SEM_Sofas,Exact
tables,price tables,SEM_Sofas,Exact
tables,tables discount,SEM_Sofas,Exact
tables,discount tables,SEM_Sofas,Exact
tables,tables promotion,SEM_Sofas,Exact
tables,promotion tables,SEM_Sofas,Exact
tables,tables promo,SEM_Sofas,Exact
tables,promo tables,SEM_Sofas,Exact
tables,tables shop,SEM_Sofas,Exact
tables,shop tables,SEM_Sofas,Exact
tables,tables buying,SEM_Sofas,Exact
tables,buying tables,SEM_Sofas,Exact
tables,tables prices,SEM_Sofas,Exact
tables,prices tables,SEM_Sofas,Exact
tables,tables pricing,SEM_Sofas,Exact
tables,pricing tables,SEM_Sofas,Exact
tables,tables shopping,SEM_Sofas,Exact
tables,shopping tables,SEM_Sofas,Exact
tables,tables discounts,SEM_Sofas,Exact
tables,discounts tables,SEM_Sofas,Exact
tables,tables promos,SEM_Sofas,Exact
tables,promos tables,SEM_Sofas,Exact
tables,tables ecommerce,SEM_Sofas,Exact
tables,ecommerce tables,SEM_Sofas,Exact
tables,tables e commerce,SEM_Sofas,Exact
tables,e commerce tables,SEM_Sofas,Exact
tables,tables buy online,SEM_Sofas,Exact
tables,buy online tables,SEM_Sofas,Exact
tables,tables shop online,SEM_Sofas,Exact
tables,shop online tables,SEM_Sofas,Exact
tables,tables cheap,SEM_Sofas,Exact
tables,cheap tables,SEM_Sofas,Exact
tables,tables best price,SEM_Sofas,Exact
tables,best price tables,SEM_Sofas,Exact
tables,tables lowest price,SEM_Sofas,Exact
tables,lowest price tables,SEM_Sofas,Exact
tables,tables cheapest,SEM_Sofas,Exact
tables,cheapest tables,SEM_Sofas,Exact
tables,tables best value,SEM_Sofas,Exact
tables,best value tables,SEM_Sofas,Exact
tables,tables offer,SEM_Sofas,Exact
tables,offer tables,SEM_Sofas,Exact
tables,tables offers,SEM_Sofas,Exact
tables,offers tables,SEM_Sofas,Exact
tables,tables promotions,SEM_Sofas,Exact
tables,promotions tables,SEM_Sofas,Exact
tables,tables purchase,SEM_Sofas,Exact
tables,purchase tables,SEM_Sofas,Exact
tables,tables sale,SEM_Sofas,Exact
tables,sale tables,SEM_Sofas,Exact
tables,tables bargain,SEM_Sofas,Exact
tables,bargain tables,SEM_Sofas,Exact
tables,tables affordable,SEM_Sofas,Exact
tables,affordable tables,SEM_Sofas,Exact
tables,tables cheap,SEM_Sofas,Exact
tables,cheap tables,SEM_Sofas,Exact
tables,tables low,SEM_Sofas,Exact
tables,low tables,SEM_Sofas,Exact
tables,tables budget,SEM_Sofas,Exact
tables,budget tables,SEM_Sofas,Exact
tables,tables inexpensive,SEM_Sofas,Exact
tables,inexpensive tables,SEM_Sofas,Exact
tables,tables economical,SEM_Sofas,Exact
tables,economical tables,SEM_Sofas,Exact
tables,tables amazon,SEM_Sofas,Exact
tables,amazon tables,SEM_Sofas,Exact
tables,tables e-commerce,SEM_Sofas,Exact
tables,e-commerce tables,SEM_Sofas,Exact
sofa beds,sofa beds buy,SEM_Sofas,Exact
sofa beds,buy sofa beds,SEM_Sofas,Exact
sofa beds,sofa beds price,SEM_Sofas,Exact
sofa beds,price sofa beds,SEM_Sofas,Exact
sofa beds,sofa beds discount,SEM_Sofas,Exact
sofa beds,discount sofa beds,SEM_Sofas,Exact
sofa beds,sofa beds promotion,SEM_Sofas,Exact
sofa beds,promotion sofa beds,SEM_Sofas,Exact
sofa beds,sofa beds promo,SEM_Sofas,Exact
sofa beds,promo sofa beds,SEM_Sofas,Exact
sofa beds,sofa beds shop,SEM_Sofas,Exact
sofa beds,shop sofa beds,SEM_Sofas,Exact
sofa beds,sofa beds buying,SEM_Sofas,Exact
sofa beds,buying sofa beds,SEM_Sofas,Exact
sofa beds,sofa beds prices,SEM_Sofas,Exact
sofa beds,prices sofa beds,SEM_Sofas,Exact
sofa beds,sofa beds pricing,SEM_Sofas,Exact
sofa beds,pricing sofa beds,SEM_Sofas,Exact
sofa beds,sofa beds shopping,SEM_Sofas,Exact
sofa beds,shopping sofa beds,SEM_Sofas,Exact
sofa beds,sofa beds discounts,SEM_Sofas,Exact
sofa beds,discounts sofa beds,SEM_Sofas,Exact
sofa beds,sofa beds promos,SEM_Sofas,Exact
sofa beds,promos sofa beds,SEM_Sofas,Exact
sofa beds,sofa beds ecommerce,SEM_Sofas,Exact
sofa beds,ecommerce sofa beds,SEM_Sofas,Exact
sofa beds,sofa beds e commerce,SEM_Sofas,Exact
sofa beds,e commerce sofa beds,SEM_Sofas,Exact
sofa beds,sofa beds buy online,SEM_Sofas,Exact
sofa beds,buy online sofa beds,SEM_Sofas,Exact
sofa beds,sofa beds shop online,SEM_Sofas,Exact
sofa beds,shop online sofa beds,SEM_Sofas,Exact
sofa beds,sofa beds cheap,SEM_Sofas,Exact
sofa beds,cheap sofa beds,SEM_Sofas,Exact
sofa beds,sofa beds best price,SEM_Sofas,Exact
sofa beds,best price sofa beds,SEM_Sofas,Exact
sofa beds,sofa beds lowest price,SEM_Sofas,Exact
sofa beds,lowest price sofa beds,SEM_Sofas,Exact
sofa beds,sofa beds cheapest,SEM_Sofas,Exact
sofa beds,cheapest sofa beds,SEM_Sofas,Exact
sofa beds,sofa beds best value,SEM_Sofas,Exact
sofa beds,best value sofa beds,SEM_Sofas,Exact
sofa beds,sofa beds offer,SEM_Sofas,Exact
sofa beds,offer sofa beds,SEM_Sofas,Exact
sofa beds,sofa beds offers,SEM_Sofas,Exact
sofa beds,offers sofa beds,SEM_Sofas,Exact
sofa beds,sofa beds promotions,SEM_Sofas,Exact
sofa beds,promotions sofa beds,SEM_Sofas,Exact
sofa beds,sofa beds purchase,SEM_Sofas,Exact
sofa beds,purchase sofa beds,SEM_Sofas,Exact
sofa beds,sofa beds sale,SEM_Sofas,Exact
sofa beds,sale sofa beds,SEM_Sofas,Exact
sofa beds,sofa beds bargain,SEM_Sofas,Exact
sofa beds,bargain sofa beds,SEM_Sofas,Exact
sofa beds,sofa beds affordable,SEM_Sofas,Exact
sofa beds,affordable sofa beds,SEM_Sofas,Exact
sofa beds,sofa beds cheap,SEM_Sofas,Exact
sofa beds,cheap sofa beds,SEM_Sofas,Exact
sofa beds,sofa beds low,SEM_Sofas,Exact
sofa beds,low sofa beds,SEM_Sofas,Exact
sofa beds,sofa beds budget,SEM_Sofas,Exact
sofa beds,budget sofa beds,SEM_Sofas,Exact
sofa beds,sofa beds inexpensive,SEM_Sofas,Exact
sofa beds,inexpensive sofa beds,SEM_Sofas,Exact
sofa beds,sofa beds economical,SEM_Sofas,Exact
sofa beds,economical sofa beds,SEM_Sofas,Exact
sofa beds,sofa beds amazon,SEM_Sofas,Exact
sofa beds,amazon sofa beds,SEM_Sofas,Exact
sofa beds,sofa beds e-commerce,SEM_Sofas,Exact
sofa beds,e-commerce sofa beds,SEM_Sofas,Exact
